PassengerId,Survived,Pclass,Sex,Age,SibSp,Parch,Fare,Embarked
1,0,3,male,22.0,0.6931471805599453,0.0,2.1102132003465894,S
2,1,1,female,38.0,0.6931471805599453,0.0,4.2805931204649,C
3,1,3,female,26.0,0.0,0.0,2.188856327665703,S
4,1,1,female,35.0,0.6931471805599453,0.0,3.9908341858524357,S
5,0,3,male,35.0,0.0,0.0,2.2027647577118348,S
6,0,3,male,28.0,0.0,0.0,2.246892662898172,Q
7,0,1,male,54.0,0.0,0.0,3.967694202798607,S
8,0,3,male,2.0,1.3862943611198906,0.6931471805599453,3.0944457464900235,S
9,1,3,female,27.0,0.0,1.0986122886681098,2.495953738718064,S
10,1,2,female,14.0,0.6931471805599453,0.0,3.436268471383741,C
11,1,3,female,4.0,0.6931471805599453,0.6931471805599453,2.8735646395797834,S
12,1,1,female,58.0,0.0,0.0,3.3160025355989236,S
13,0,3,male,20.0,0.0,0.0,2.2027647577118348,S
14,0,3,male,39.0,0.6931471805599453,1.791759469228055,3.4742929367327062,S
15,0,3,female,14.0,0.0,0.0,2.180891922715322,S
16,1,2,female,55.0,0.0,0.0,2.833213344056216,S
17,0,3,male,2.0,1.6094379124341003,0.6931471805599453,3.405355391810819,Q
18,1,2,male,28.0,0.0,0.0,2.6390573296152584,S
19,0,3,female,31.0,0.6931471805599453,0.0,2.9444389791664403,S
20,1,3,female,28.0,0.0,0.0,2.1071782966514356,C
21,0,2,male,35.0,0.0,0.0,3.295836866004329,S
22,1,2,male,34.0,0.0,0.0,2.6390573296152584,S
23,1,3,female,15.0,0.0,0.0,2.2004637699272855,Q
24,1,1,male,28.0,0.0,0.0,3.597312260588446,S
25,0,3,female,8.0,1.3862943611198906,0.6931471805599453,3.0944457464900235,S
26,1,3,female,38.0,0.6931471805599453,1.791759469228055,3.4777725458882283,S
27,0,3,male,28.0,0.0,0.0,2.1071782966514356,C
28,0,1,male,19.0,1.3862943611198906,1.0986122886681098,5.575949103146316,S
29,1,3,female,28.0,0.0,0.0,2.1837114628556327,Q
30,0,3,male,28.0,0.0,0.0,2.1855792552411137,S
31,0,1,male,40.0,0.0,0.0,3.357621598945279,C
32,1,1,female,28.0,0.6931471805599453,0.0,4.993969182787072,C
33,1,3,female,28.0,0.0,0.0,2.169053700369523,Q
34,0,2,male,66.0,0.0,0.0,2.4423470353692043,S
35,0,1,male,28.0,0.6931471805599453,0.0,4.420896324687287,C
36,0,1,male,42.0,0.6931471805599453,0.0,3.970291913552122,S
37,1,3,male,28.0,0.0,0.0,2.1076888046179385,C
38,0,3,male,21.0,0.0,0.0,2.2027647577118348,S
39,0,3,female,18.0,1.0986122886681098,0.0,2.9444389791664403,S
40,1,3,female,14.0,0.6931471805599453,0.0,2.5048481563289,C
41,0,3,female,40.0,0.6931471805599453,0.0,2.348991465808201,S
42,0,2,female,27.0,0.6931471805599453,0.0,3.091042453358316,S
43,0,3,male,28.0,0.0,0.0,2.1855792552411137,C
44,1,2,female,3.0,0.6931471805599453,1.0986122886681098,3.7513658711253766,C
45,1,3,female,19.0,0.0,0.0,2.1837114628556327,Q
46,0,3,male,28.0,0.0,0.0,2.2027647577118348,S
47,0,3,male,28.0,0.6931471805599453,0.0,2.803360380906535,Q
48,1,3,female,28.0,0.0,0.0,2.169053700369523,Q
49,0,3,male,28.0,1.0986122886681098,0.0,3.1214482048688246,C
50,0,3,female,18.0,0.6931471805599453,0.0,2.9338568698359038,S
51,0,3,male,7.0,1.6094379124341003,0.6931471805599453,3.705920919968788,S
52,0,3,male,21.0,0.0,0.0,2.174751721484161,S
53,1,1,female,49.0,0.6931471805599453,0.0,4.353230991152628,C
54,1,2,female,29.0,0.6931471805599453,0.0,3.295836866004329,S
55,0,1,male,65.0,0.0,0.6931471805599453,4.142804513146981,C
56,1,1,male,28.0,0.0,0.0,3.597312260588446,S
57,1,2,female,21.0,0.0,0.0,2.4423470353692043,S
58,0,3,male,28.5,0.0,0.0,2.1076888046179385,C
59,1,2,female,5.0,0.6931471805599453,1.0986122886681098,3.3586377672433594,S
60,0,3,male,11.0,1.791759469228055,1.0986122886681098,3.8691155044168695,S
61,0,3,male,22.0,0.0,0.0,2.1076888046179385,C
62,1,1,female,38.0,0.0,0.0,4.394449154672439,S
63,0,1,male,45.0,0.6931471805599453,0.0,4.436455632600354,S
64,0,3,male,4.0,1.3862943611198906,1.0986122886681098,3.3638415951183864,S
65,0,1,male,28.0,0.0,0.0,3.357621598945279,C
66,1,3,male,28.0,0.6931471805599453,0.6931471805599453,2.7878344138303452,C
67,1,2,female,29.0,0.0,0.0,2.4423470353692043,S
68,0,3,male,19.0,0.0,0.0,2.2146605719425225,S
69,1,3,female,17.0,1.6094379124341003,1.0986122886681098,2.188856327665703,S
70,0,3,male,26.0,1.0986122886681098,0.0,2.2682524139135403,S
71,0,2,male,32.0,0.0,0.0,2.4423470353692043,S
72,0,3,female,16.0,1.791759469228055,1.0986122886681098,3.8691155044168695,S
73,0,2,male,21.0,0.0,0.0,4.310799125385514,S
74,0,3,male,26.0,0.6931471805599453,0.0,2.737880811060884,C
75,1,3,male,32.0,0.0,0.0,4.05171190165724,S
76,0,3,male,25.0,0.0,0.0,2.157559320943788,S
77,0,3,male,28.0,0.0,0.0,2.1855792552411137,S
78,0,3,male,28.0,0.0,0.0,2.2027647577118348,S
79,1,2,male,0.83,0.0,1.0986122886681098,3.4011973816621555,S
80,1,3,female,30.0,0.0,0.0,2.600836116795061,S
81,0,3,male,22.0,0.0,0.0,2.302585092994046,S
82,1,3,male,29.0,0.0,0.0,2.3513752571634776,S
83,1,3,female,28.0,0.0,0.0,2.1733302571367834,Q
84,0,1,male,28.0,0.0,0.0,3.8732821771117156,S
85,1,2,female,17.0,0.0,0.0,2.4423470353692043,S
86,1,3,female,33.0,1.3862943611198906,0.0,2.8243506567983707,S
87,0,3,male,16.0,0.6931471805599453,1.3862943611198906,3.5660053559634015,S
88,0,3,male,28.0,0.0,0.0,2.2027647577118348,S
89,1,1,female,23.0,1.3862943611198906,1.0986122886681098,5.575949103146316,S
90,0,3,male,24.0,0.0,0.0,2.2027647577118348,S
91,0,3,male,29.0,0.0,0.0,2.2027647577118348,S
92,0,3,male,20.0,0.0,0.0,2.180891922715322,S
93,0,1,male,46.0,0.6931471805599453,0.0,4.1299529896894684,S
94,0,3,male,26.0,0.6931471805599453,1.0986122886681098,3.0715352369694915,S
95,0,3,male,59.0,0.0,0.0,2.1102132003465894,S
96,0,3,male,28.0,0.0,0.0,2.2027647577118348,S
97,0,1,male,71.0,0.0,0.0,3.57386695198272,C
98,1,1,male,23.0,0.0,0.6931471805599453,4.164465907853638,C
99,1,2,female,34.0,0.0,0.6931471805599453,3.1780538303479458,S
100,0,2,male,34.0,0.6931471805599453,0.0,3.295836866004329,S
101,0,3,female,28.0,0.0,0.0,2.1855792552411137,S
102,0,3,male,28.0,0.0,0.0,2.1855792552411137,S
103,0,1,male,21.0,0.0,0.6931471805599453,4.360387947851531,S
104,0,3,male,33.0,0.0,0.0,2.267393053825037,S
105,0,3,male,37.0,1.0986122886681098,0.0,2.188856327665703,S
106,0,3,male,28.0,0.0,0.0,2.1855792552411137,S
107,1,3,female,21.0,0.0,0.0,2.157559320943788,S
108,1,3,male,28.0,0.0,0.0,2.1719067693519296,S
109,0,3,male,38.0,0.0,0.0,2.1855792552411137,S
110,1,3,female,28.0,0.6931471805599453,0.0,3.224857896545748,Q
111,0,1,male,47.0,0.0,0.0,3.970291913552122,S
112,0,3,female,14.5,0.6931471805599453,0.0,2.737880811060884,C
113,0,3,male,22.0,0.0,0.0,2.2027647577118348,S
114,0,3,female,20.0,0.6931471805599453,0.0,2.3818582738885534,S
115,0,3,female,17.0,0.0,0.0,2.738146075922933,C
116,0,3,male,21.0,0.0,0.0,2.188856327665703,S
117,0,3,male,70.5,0.0,0.0,2.169053700369523,Q
118,0,2,male,29.0,0.6931471805599453,0.0,3.091042453358316,S
119,0,1,male,24.0,0.0,0.6931471805599453,5.515526544247129,C
120,0,3,female,2.0,1.6094379124341003,1.0986122886681098,3.4742929367327062,S
121,0,2,male,21.0,1.0986122886681098,0.0,4.310799125385514,S
122,0,3,male,28.0,0.0,0.0,2.2027647577118348,S
123,0,2,male,32.5,0.6931471805599453,0.0,3.436268471383741,C
124,1,2,female,32.5,0.0,0.0,2.6390573296152584,S
125,0,1,male,54.0,0.0,0.6931471805599453,4.360387947851531,S
126,1,3,male,12.0,0.6931471805599453,0.0,2.5048481563289,C
127,0,3,male,28.0,0.0,0.0,2.169053700369523,Q
128,1,3,male,24.0,0.0,0.0,2.0969990034181696,S
129,1,3,female,28.0,0.6931471805599453,0.6931471805599453,3.1509523813392697,C
130,0,3,male,45.0,0.0,0.0,2.076311648670908,S
131,0,3,male,33.0,0.0,0.0,2.1855792552411137,C
132,0,3,male,20.0,0.0,0.0,2.0856720914304723,S
133,0,3,female,47.0,0.6931471805599453,0.0,2.740840023925201,S
134,1,2,female,29.0,0.6931471805599453,0.0,3.295836866004329,S
135,0,2,male,25.0,0.0,0.0,2.6390573296152584,S
136,0,2,male,23.0,0.0,0.0,2.775447133088262,C
137,1,1,female,19.0,0.0,1.0986122886681098,3.3062747934011893,S
138,0,1,male,37.0,0.6931471805599453,0.0,3.9908341858524357,S
139,0,3,male,16.0,0.0,0.0,2.3240236363515288,S
140,0,1,male,24.0,0.0,0.0,4.384523514872469,C
141,0,3,female,28.0,0.0,1.0986122886681098,2.7878344138303452,C
142,1,3,female,22.0,0.0,0.0,2.169053700369523,S
143,1,3,female,24.0,0.6931471805599453,0.0,2.8243506567983707,S
144,0,3,male,19.0,0.0,0.0,2.0476928433652555,Q
145,0,2,male,18.0,0.0,0.0,2.5257286443082556,S
146,0,2,male,19.0,0.6931471805599453,0.6931471805599453,3.6309854756950335,S
147,1,3,male,27.0,0.0,0.0,2.174274334826008,S
148,0,3,female,9.0,1.0986122886681098,1.0986122886681098,3.5660053559634015,S
149,0,2,male,36.5,0.0,1.0986122886681098,3.295836866004329,S
150,0,2,male,42.0,0.0,0.0,2.6390573296152584,S
151,0,2,male,51.0,0.0,0.0,2.6045398247325453,S
152,1,1,female,22.0,0.6931471805599453,0.0,4.213607983048918,S
153,0,3,male,55.5,0.0,0.0,2.2027647577118348,S
154,0,3,male,40.5,0.0,1.0986122886681098,2.740840023925201,S
155,0,3,male,28.0,0.0,0.0,2.1177604059819726,S
156,0,1,male,51.0,0.0,0.6931471805599453,4.133231886474144,C
157,1,3,female,16.0,0.0,0.0,2.167143305297764,Q
158,0,3,male,30.0,0.0,0.0,2.2027647577118348,S
159,0,3,male,28.0,0.0,0.0,2.2682524139135403,S
160,0,3,male,28.0,2.1972245773362196,1.0986122886681098,4.256321678298823,S
161,0,3,male,44.0,0.0,0.6931471805599453,2.8390784635086144,S
162,1,2,female,40.0,0.0,0.0,2.8183982582710754,S
163,0,3,male,26.0,0.0,0.0,2.1719067693519296,S
164,0,3,male,17.0,0.0,0.0,2.2682524139135403,S
165,0,3,male,1.0,1.6094379124341003,0.6931471805599453,3.705920919968788,S
166,1,3,male,9.0,0.0,1.0986122886681098,3.0692150503137943,S
167,1,1,female,28.0,0.0,0.6931471805599453,4.02535169073515,S
168,0,3,female,45.0,0.6931471805599453,1.6094379124341003,3.3638415951183864,S
169,0,1,male,28.0,0.0,0.0,3.2930552230424524,S
170,0,3,male,28.0,0.0,0.0,4.05171190165724,S
171,0,1,male,61.0,0.0,0.0,3.5409593240373143,S
172,0,3,male,4.0,1.6094379124341003,0.6931471805599453,3.405355391810819,Q
173,1,3,female,1.0,0.6931471805599453,0.6931471805599453,2.495953738718064,S
174,0,3,male,21.0,0.0,0.0,2.188856327665703,S
175,0,1,male,56.0,0.0,0.0,3.4561841799918147,C
176,0,3,male,18.0,0.6931471805599453,0.6931471805599453,2.180891922715322,S
177,0,3,male,28.0,1.3862943611198906,0.6931471805599453,3.275887339030031,S
178,0,1,female,50.0,0.0,0.0,3.391567832686312,C
179,0,2,male,30.0,0.0,0.0,2.6390573296152584,S
180,0,3,male,36.0,0.0,0.0,0.0,S
181,0,3,female,28.0,2.1972245773362196,1.0986122886681098,4.256321678298823,S
182,0,2,male,28.0,0.0,0.0,2.775708849576025,C
183,0,3,male,9.0,1.6094379124341003,1.0986122886681098,3.4777725458882283,S
184,1,2,male,1.0,1.0986122886681098,0.6931471805599453,3.6888794541139363,S
185,1,3,female,4.0,0.0,1.0986122886681098,3.1365805821413706,S
186,0,1,male,28.0,0.0,0.0,3.9318256327243257,S
187,1,3,female,28.0,0.6931471805599453,0.0,2.803360380906535,Q
188,1,1,male,45.0,0.0,0.0,3.3160025355989236,S
189,0,3,male,40.0,0.6931471805599453,0.6931471805599453,2.803360380906535,Q
190,0,3,male,36.0,0.0,0.0,2.1855792552411137,S
191,1,2,female,32.0,0.0,0.0,2.6390573296152584,S
192,0,2,male,19.0,0.0,0.0,2.6390573296152584,S
193,1,3,female,19.0,0.6931471805599453,0.0,2.180891922715322,S
194,1,2,male,3.0,0.6931471805599453,0.6931471805599453,3.295836866004329,S
195,1,1,female,44.0,0.0,0.0,3.357621598945279,C
196,1,1,female,58.0,0.0,0.0,4.993969182787072,C
197,0,3,male,28.0,0.0,0.0,2.169053700369523,Q
198,0,3,male,42.0,0.0,0.6931471805599453,2.2411563979973974,S
199,1,3,female,28.0,0.0,0.0,2.169053700369523,Q
200,0,2,female,24.0,0.0,0.0,2.6390573296152584,S
201,0,3,male,28.0,0.0,0.0,2.3513752571634776,S
202,0,3,male,28.0,2.1972245773362196,1.0986122886681098,4.256321678298823,S
203,0,3,male,34.0,0.0,0.0,2.0143428636837015,S
204,0,3,male,45.5,0.0,0.0,2.1071782966514356,C
205,1,3,male,18.0,0.0,0.0,2.2027647577118348,S
206,0,3,female,2.0,0.0,0.6931471805599453,2.4390808375825834,S
207,0,3,male,32.0,0.6931471805599453,0.0,2.8243506567983707,S
208,1,3,male,26.0,0.0,0.0,2.9850504252071306,C
209,1,3,female,16.0,0.0,0.0,2.169053700369523,Q
210,1,1,male,40.0,0.0,0.0,3.4657359027997265,C
211,0,3,male,24.0,0.0,0.0,2.0856720914304723,S
212,1,2,female,35.0,0.0,0.0,3.091042453358316,S
213,0,3,male,22.0,0.0,0.0,2.1102132003465894,S
214,0,2,male,30.0,0.0,0.0,2.6390573296152584,S
215,0,3,male,28.0,0.6931471805599453,0.0,2.169053700369523,Q
216,1,1,female,31.0,0.6931471805599453,0.0,4.738607824217808,C
217,1,3,female,27.0,0.0,0.0,2.188856327665703,S
218,0,2,male,42.0,0.6931471805599453,0.0,3.332204510175204,S
219,1,1,female,32.0,0.0,0.0,4.347586575960343,C
220,0,2,male,30.0,0.0,0.0,2.4423470353692043,S
221,1,3,male,16.0,0.0,0.0,2.2027647577118348,S
222,0,2,male,27.0,0.0,0.0,2.6390573296152584,S
223,0,3,male,51.0,0.0,0.0,2.2027647577118348,S
224,0,3,male,28.0,0.0,0.0,2.1855792552411137,S
225,1,1,male,38.0,0.6931471805599453,0.0,4.51085950651685,S
226,0,3,male,22.0,0.0,0.0,2.336986519711378,S
227,1,2,male,19.0,0.0,0.0,2.4423470353692043,S
228,0,3,male,20.5,0.0,0.0,2.1102132003465894,S
229,0,2,male,18.0,0.0,0.0,2.6390573296152584,S
230,0,3,female,28.0,1.3862943611198906,0.6931471805599453,3.275887339030031,S
231,1,1,female,35.0,0.6931471805599453,0.0,4.436455632600354,S
232,0,3,male,29.0,0.0,0.0,2.1719067693519296,S
233,0,2,male,59.0,0.0,0.0,2.6741486494265287,S
234,1,3,female,5.0,1.6094379124341003,1.0986122886681098,3.4777725458882283,S
235,0,2,male,24.0,0.0,0.0,2.4423470353692043,S
236,0,3,female,28.0,0.0,0.0,2.145931282948669,S
237,0,2,male,44.0,0.6931471805599453,0.0,3.295836866004329,S
238,1,2,female,8.0,0.0,1.0986122886681098,3.305053521109253,S
239,0,2,male,19.0,0.0,0.0,2.4423470353692043,S
240,0,2,male,33.0,0.0,0.0,2.5858825671280026,S
241,0,3,female,28.0,0.6931471805599453,0.0,2.737880811060884,C
242,1,3,female,28.0,0.6931471805599453,0.0,2.803360380906535,Q
243,0,2,male,29.0,0.0,0.0,2.4423470353692043,S
244,0,3,male,22.0,0.0,0.0,2.094945728215801,S
245,0,3,male,30.0,0.0,0.0,2.1071782966514356,C
246,0,1,male,44.0,1.0986122886681098,0.0,4.51085950651685,Q
247,0,3,female,25.0,0.0,0.0,2.1719067693519296,S
248,1,2,female,24.0,0.0,1.0986122886681098,2.740840023925201,S
249,1,1,male,37.0,0.6931471805599453,0.6931471805599453,3.9806942251907276,S
250,0,2,male,54.0,0.6931471805599453,0.0,3.295836866004329,S
251,0,3,male,28.0,0.0,0.0,2.1102132003465894,S
252,0,3,female,29.0,0.6931471805599453,0.6931471805599453,2.4390808375825834,S
253,0,1,male,62.0,0.0,0.0,3.3160025355989236,S
254,0,3,male,30.0,0.6931471805599453,0.0,2.8390784635086144,S
255,0,3,female,41.0,0.0,1.0986122886681098,3.0545906305603445,S
256,1,3,female,29.0,0.0,1.0986122886681098,2.7878344138303452,C
257,1,1,female,28.0,0.0,0.0,4.384523514872469,C
258,1,1,female,30.0,0.0,0.0,4.471638793363569,S
259,1,1,female,35.0,0.0,0.0,6.240917354759096,C
260,1,2,female,50.0,0.0,0.6931471805599453,3.295836866004329,S
261,0,3,male,28.0,0.0,0.0,2.169053700369523,Q
262,1,3,male,3.0,1.6094379124341003,1.0986122886681098,3.4777725458882283,S
263,0,1,male,52.0,0.6931471805599453,0.6931471805599453,4.390118804571218,S
264,0,1,male,40.0,0.0,0.0,0.0,S
265,0,3,female,28.0,0.0,0.0,2.169053700369523,Q
266,0,2,male,36.0,0.0,0.0,2.4423470353692043,S
267,0,3,male,16.0,1.6094379124341003,0.6931471805599453,3.705920919968788,S
268,1,3,male,25.0,0.6931471805599453,0.0,2.1719067693519296,S
269,1,1,female,58.0,0.0,0.6931471805599453,5.039951348430309,S
270,1,1,female,35.0,0.0,0.0,4.91730069488021,S
271,0,1,male,28.0,0.0,0.0,3.4657359027997265,S
272,1,3,male,25.0,0.0,0.0,0.0,S
273,1,2,female,41.0,0.0,0.6931471805599453,3.0204248861443626,S
274,0,1,male,37.0,0.0,0.6931471805599453,3.4242626545931514,C
275,1,3,female,28.0,0.0,0.0,2.169053700369523,Q
276,1,1,female,63.0,0.6931471805599453,0.0,4.368919865004903,S
277,0,3,female,45.0,0.0,0.0,2.169053700369523,S
278,0,2,male,28.0,0.0,0.0,0.0,S
279,0,3,male,7.0,1.6094379124341003,0.6931471805599453,3.405355391810819,Q
280,1,3,female,35.0,0.6931471805599453,0.6931471805599453,3.056356895370426,S
281,0,3,male,65.0,0.0,0.0,2.169053700369523,Q
282,0,3,male,28.0,0.0,0.0,2.180891922715322,S
283,0,3,male,16.0,0.0,0.0,2.3513752571634776,S
284,1,3,male,19.0,0.0,0.0,2.2027647577118348,S
285,0,1,male,28.0,0.0,0.0,3.295836866004329,S
286,0,3,male,33.0,0.0,0.0,2.2682524139135403,C
287,1,3,male,30.0,0.0,0.0,2.3513752571634776,S
288,0,3,male,22.0,0.0,0.0,2.1855792552411137,S
289,1,2,male,42.0,0.0,0.0,2.6390573296152584,S
290,1,3,female,22.0,0.0,0.0,2.169053700369523,Q
291,1,1,female,26.0,0.0,0.0,4.380149874661021,S
292,1,1,female,19.0,0.6931471805599453,0.0,4.5226490762785785,C
293,0,2,male,36.0,0.0,0.0,2.630088659632498,C
294,0,3,female,24.0,0.0,0.0,2.2874714551839976,S
295,0,3,male,24.0,0.0,0.0,2.1855792552411137,S
296,0,1,male,28.0,0.0,0.0,3.357621598945279,C
297,0,3,male,23.5,0.0,0.0,2.1076888046179385,C
298,0,1,female,2.0,0.6931471805599453,1.0986122886681098,5.027492411162679,S
299,1,1,male,28.0,0.0,0.0,3.449987545831587,S
300,1,1,female,50.0,0.0,0.6931471805599453,5.515526544247129,C
301,1,3,female,28.0,0.0,0.0,2.169053700369523,Q
302,1,3,male,28.0,1.0986122886681098,0.0,3.188416617383492,Q
303,0,3,male,19.0,0.0,0.0,0.0,S
304,1,2,female,28.0,0.0,0.0,2.5915163848462583,Q
305,0,3,male,28.0,0.0,0.0,2.2027647577118348,S
306,1,1,male,0.92,0.6931471805599453,1.0986122886681098,5.027492411162679,S
307,1,1,female,28.0,0.0,0.0,4.717456363787216,C
308,1,1,female,17.0,0.6931471805599453,0.0,4.699570861409576,C
309,0,2,male,30.0,0.6931471805599453,0.0,3.2188758248682006,C
310,1,1,female,30.0,0.0,0.0,4.0592215752427645,C
311,1,1,female,24.0,0.0,0.0,4.432699549165613,C
312,1,1,female,18.0,1.0986122886681098,1.0986122886681098,5.5735788721243535,C
313,0,2,female,26.0,0.6931471805599453,0.6931471805599453,3.295836866004329,S
314,0,3,male,28.0,0.0,0.0,2.1855792552411137,S
315,0,2,male,43.0,0.6931471805599453,0.6931471805599453,3.305053521109253,S
316,1,3,female,26.0,0.0,0.0,2.180891922715322,S
317,1,2,female,24.0,0.6931471805599453,0.0,3.295836866004329,S
318,0,2,male,54.0,0.0,0.0,2.70805020110221,S
319,1,1,female,31.0,0.0,1.0986122886681098,5.11118445372147,S
320,1,1,female,40.0,0.6931471805599453,0.6931471805599453,4.908971640319756,C
321,0,3,male,22.0,0.0,0.0,2.1102132003465894,S
322,0,3,male,27.0,0.0,0.0,2.1855792552411137,S
323,1,2,female,30.0,0.0,0.0,2.5915163848462583,Q
324,1,2,female,22.0,0.6931471805599453,0.6931471805599453,3.4011973816621555,S
325,0,3,male,28.0,2.1972245773362196,1.0986122886681098,4.256321678298823,S
326,1,1,female,36.0,0.0,0.0,4.91730069488021,C
327,0,3,male,61.0,0.0,0.0,1.9792758428991135,S
328,1,2,female,36.0,0.0,0.0,2.6390573296152584,S
329,1,3,female,31.0,0.6931471805599453,0.6931471805599453,3.0692150503137943,S
330,1,1,female,16.0,0.0,0.6931471805599453,4.077184839375167,C
331,1,3,female,28.0,1.0986122886681098,0.0,3.188416617383492,Q
332,0,1,male,45.5,0.0,0.0,3.3843902633457743,S
333,0,1,male,38.0,0.0,0.6931471805599453,5.039951348430309,S
334,0,3,male,16.0,1.0986122886681098,0.0,2.9444389791664403,S
335,1,1,female,28.0,0.6931471805599453,0.0,4.902678819257608,S
336,0,3,male,28.0,0.0,0.0,2.1855792552411137,S
337,0,1,male,29.0,0.6931471805599453,0.0,4.213607983048918,S
338,1,1,female,41.0,0.0,0.0,4.908971640319756,C
339,1,3,male,45.0,0.0,0.0,2.2027647577118348,S
340,0,1,male,45.0,0.0,0.0,3.597312260588446,S
341,1,2,male,2.0,0.6931471805599453,0.6931471805599453,3.295836866004329,S
342,1,1,female,24.0,1.3862943611198906,1.0986122886681098,5.575949103146316,S
343,0,2,male,28.0,0.0,0.0,2.6390573296152584,S
344,0,2,male,25.0,0.0,0.0,2.6390573296152584,S
345,0,2,male,36.0,0.0,0.0,2.6390573296152584,S
346,1,2,female,24.0,0.0,0.0,2.6390573296152584,S
347,1,2,female,40.0,0.0,0.0,2.6390573296152584,S
348,1,3,female,28.0,0.6931471805599453,0.0,2.8390784635086144,S
349,1,3,male,3.0,0.6931471805599453,0.6931471805599453,2.8273136219290276,S
350,0,3,male,42.0,0.0,0.0,2.2682524139135403,S
351,0,3,male,23.0,0.0,0.0,2.3248357019288655,S
352,0,1,male,28.0,0.0,0.0,3.58351893845611,S
353,0,3,male,15.0,0.6931471805599453,0.6931471805599453,2.1076888046179385,C
354,0,3,male,25.0,0.6931471805599453,0.0,2.9338568698359038,S
355,0,3,male,28.0,0.0,0.0,2.1071782966514356,C
356,0,3,male,28.0,0.0,0.0,2.3513752571634776,S
357,1,1,female,22.0,0.0,0.6931471805599453,4.02535169073515,S
358,0,2,female,38.0,0.0,0.0,2.6390573296152584,S
359,1,3,female,28.0,0.0,0.0,2.1837114628556327,Q
360,1,3,female,28.0,0.0,0.0,2.1837114628556327,Q
361,0,3,male,40.0,0.6931471805599453,1.6094379124341003,3.3638415951183864,S
362,0,2,male,29.0,0.6931471805599453,0.0,3.357621598945279,C
363,0,3,female,45.0,0.0,0.6931471805599453,2.737880811060884,C
364,0,3,male,35.0,0.0,0.0,2.0856720914304723,S
365,0,3,male,28.0,0.6931471805599453,0.0,2.803360380906535,Q
366,0,3,male,30.0,0.0,0.0,2.1102132003465894,S
367,1,1,female,60.0,0.6931471805599453,0.0,4.334017415487521,C
368,1,3,female,28.0,0.0,0.0,2.1076888046179385,C
369,1,3,female,28.0,0.0,0.0,2.169053700369523,Q
370,1,1,female,24.0,0.0,0.0,4.252771798816619,C
371,1,1,male,25.0,0.6931471805599453,0.0,4.0332082470129285,C
372,0,3,male,18.0,0.6931471805599453,0.0,2.0143428636837015,S
373,0,3,male,19.0,0.0,0.0,2.2027647577118348,S
374,0,1,male,22.0,0.0,0.0,4.91730069488021,C
375,0,3,female,3.0,1.3862943611198906,0.6931471805599453,3.0944457464900235,S
376,1,1,female,28.0,0.6931471805599453,0.0,4.420896324687287,C
377,1,3,female,22.0,0.0,0.0,2.1102132003465894,S
378,0,1,male,27.0,0.0,1.0986122886681098,5.358941988364472,C
379,0,3,male,20.0,0.0,0.0,1.6119347926326877,C
380,0,3,male,19.0,0.0,0.0,2.1719067693519296,S
381,1,1,female,42.0,0.0,0.0,5.4316456135398825,C
382,1,3,female,1.0,0.0,1.0986122886681098,2.817902613071225,C
383,0,3,male,32.0,0.0,0.0,2.188856327665703,S
384,1,1,female,35.0,0.6931471805599453,0.0,3.970291913552122,S
385,0,3,male,28.0,0.0,0.0,2.1855792552411137,S
386,0,2,male,18.0,0.0,0.0,4.310799125385514,S
387,0,3,male,1.0,1.791759469228055,1.0986122886681098,3.8691155044168695,S
388,1,2,female,36.0,0.0,0.0,2.6390573296152584,S
389,0,3,male,28.0,0.0,0.0,2.1666737276227077,Q
390,1,2,female,17.0,0.0,0.0,2.5649493574615367,C
391,1,1,male,36.0,0.6931471805599453,1.0986122886681098,4.795790545596741,S
392,1,3,male,21.0,0.0,0.0,2.174274334826008,S
393,0,3,male,28.0,1.0986122886681098,0.0,2.188856327665703,S
394,1,1,female,23.0,0.6931471805599453,0.0,4.738607824217808,C
395,1,3,female,24.0,0.0,1.0986122886681098,2.8735646395797834,S
396,0,3,male,22.0,0.0,0.0,2.174274334826008,S
397,0,3,female,31.0,0.0,0.0,2.180891922715322,S
398,0,2,male,46.0,0.0,0.0,3.295836866004329,S
399,0,2,male,23.0,0.0,0.0,2.4423470353692043,S
400,1,2,female,28.0,0.0,0.0,2.613739521630969,S
401,1,3,male,39.0,0.0,0.0,2.188856327665703,S
402,0,3,male,26.0,0.0,0.0,2.2027647577118348,S
403,0,3,female,21.0,0.6931471805599453,0.0,2.3818582738885534,S
404,0,3,male,28.0,0.6931471805599453,0.0,2.8243506567983707,S
405,0,3,female,20.0,0.0,0.0,2.2682524139135403,S
406,0,2,male,34.0,0.6931471805599453,0.0,3.091042453358316,S
407,0,3,male,51.0,0.0,0.0,2.169053700369523,S
408,1,2,male,3.0,0.6931471805599453,0.6931471805599453,2.9831534913471307,S
409,0,3,male,21.0,0.0,0.0,2.1719067693519296,S
410,0,3,female,28.0,1.3862943611198906,0.6931471805599453,3.275887339030031,S
411,0,3,male,28.0,0.0,0.0,2.1855792552411137,S
412,0,3,male,28.0,0.0,0.0,2.061570298060867,Q
413,1,1,female,33.0,0.6931471805599453,0.0,4.51085950651685,Q
414,0,2,male,28.0,0.0,0.0,0.0,S
415,1,3,male,44.0,0.0,0.0,2.188856327665703,S
416,0,3,female,28.0,0.0,0.0,2.2027647577118348,S
417,1,2,female,34.0,0.6931471805599453,0.6931471805599453,3.5115454388310208,S
418,1,2,female,18.0,0.0,1.0986122886681098,2.6390573296152584,S
419,0,2,male,30.0,0.0,0.0,2.6390573296152584,S
420,0,3,female,10.0,0.0,1.0986122886681098,3.224857896545748,S
421,0,3,male,28.0,0.0,0.0,2.1855792552411137,C
422,0,3,male,21.0,0.0,0.0,2.167143305297764,Q
423,0,3,male,29.0,0.0,0.0,2.1832383353614797,S
424,0,3,female,28.0,0.6931471805599453,0.6931471805599453,2.7343675094195836,S
425,0,3,male,18.0,0.6931471805599453,0.6931471805599453,3.0545906305603445,S
426,0,3,male,28.0,0.0,0.0,2.1102132003465894,S
427,1,2,female,28.0,0.6931471805599453,0.0,3.295836866004329,S
428,1,2,female,19.0,0.0,0.0,3.295836866004329,S
429,0,3,male,28.0,0.0,0.0,2.169053700369523,Q
430,1,3,male,32.0,0.0,0.0,2.2027647577118348,S
431,1,1,male,28.0,0.0,0.0,3.3160025355989236,S
432,1,3,female,28.0,0.6931471805599453,0.0,2.8390784635086144,S
433,1,2,female,42.0,0.6931471805599453,0.0,3.295836866004329,S
434,0,3,male,17.0,0.0,0.0,2.094945728215801,S
435,0,1,male,50.0,0.6931471805599453,0.0,4.041295341132285,S
436,1,1,female,14.0,0.6931471805599453,1.0986122886681098,4.795790545596741,S
437,0,3,female,21.0,1.0986122886681098,1.0986122886681098,3.5660053559634015,S
438,1,2,female,24.0,1.0986122886681098,1.3862943611198906,2.9831534913471307,S
439,0,1,male,64.0,0.6931471805599453,1.6094379124341003,5.575949103146316,S
440,0,2,male,31.0,0.0,0.0,2.4423470353692043,S
441,1,2,female,45.0,0.6931471805599453,0.6931471805599453,3.305053521109253,S
442,0,3,male,20.0,0.0,0.0,2.3513752571634776,S
443,0,3,male,25.0,0.6931471805599453,0.0,2.1719067693519296,S
444,1,2,female,28.0,0.0,0.0,2.6390573296152584,S
445,1,3,male,28.0,0.0,0.0,2.2096470973347766,S
446,1,1,male,4.0,0.0,1.0986122886681098,4.417131919904876,S
447,1,2,female,13.0,0.0,0.6931471805599453,3.0204248861443626,S
448,1,1,male,34.0,0.0,0.0,3.3160025355989236,S
449,1,3,female,5.0,1.0986122886681098,0.6931471805599453,3.0085645861193133,C
450,1,1,male,52.0,0.0,0.0,3.449987545831587,S
451,0,2,male,36.0,0.6931471805599453,1.0986122886681098,3.3586377672433594,S
452,0,3,male,28.0,0.6931471805599453,0.0,3.0429354648621407,S
453,0,1,male,30.0,0.0,0.0,3.3586377672433594,C
454,1,1,male,49.0,0.6931471805599453,0.0,4.500966778400217,C
455,0,3,male,28.0,0.0,0.0,2.2027647577118348,S
456,1,3,male,29.0,0.0,0.0,2.1855792552411137,C
457,0,1,male,65.0,0.0,0.0,3.3160025355989236,S
458,1,1,female,28.0,0.6931471805599453,0.0,3.967694202798607,S
459,1,2,female,50.0,0.0,0.0,2.4423470353692043,S
460,0,3,male,28.0,0.0,0.0,2.169053700369523,Q
461,1,1,male,48.0,0.0,0.0,3.3160025355989236,S
462,0,3,male,34.0,0.0,0.0,2.2027647577118348,S
463,0,1,male,47.0,0.0,0.0,3.676300671907076,S
464,0,2,male,48.0,0.0,0.0,2.6390573296152584,S
465,0,3,male,28.0,0.0,0.0,2.2027647577118348,S
466,0,3,male,38.0,0.0,0.0,2.0856720914304723,S
467,0,2,male,28.0,0.0,0.0,0.0,S
468,0,1,male,56.0,0.0,0.0,3.3160025355989236,S
469,0,3,male,28.0,0.0,0.0,2.1661924680884908,Q
470,1,3,female,0.75,1.0986122886681098,0.6931471805599453,3.0085645861193133,C
471,0,3,male,28.0,0.0,0.0,2.1102132003465894,S
472,0,3,male,38.0,0.0,0.0,2.2682524139135403,S
473,1,2,female,33.0,0.6931471805599453,1.0986122886681098,3.3586377672433594,S
474,1,2,female,23.0,0.0,0.0,2.694066212646058,C
475,0,3,female,22.0,0.0,0.0,2.3830123421066602,S
476,0,1,male,28.0,0.0,0.0,3.970291913552122,S
477,0,2,male,34.0,0.6931471805599453,0.0,3.091042453358316,S
478,0,3,male,29.0,0.6931471805599453,0.0,2.0851502161468174,S
479,0,3,male,22.0,0.0,0.0,2.142510233146819,S
480,1,3,female,2.0,0.0,0.6931471805599453,2.586823743668066,S
481,0,3,male,9.0,1.791759469228055,1.0986122886681098,3.8691155044168695,S
482,0,2,male,28.0,0.0,0.0,0.0,S
483,0,3,male,50.0,0.0,0.0,2.2027647577118348,S
484,1,3,female,63.0,0.0,0.0,2.3596740599781727,S
485,1,1,male,25.0,0.6931471805599453,0.0,4.5226490762785785,C
486,0,3,female,28.0,1.3862943611198906,0.6931471805599453,3.275887339030031,S
487,1,1,female,35.0,0.6931471805599453,0.0,4.51085950651685,S
488,0,1,male,58.0,0.0,0.0,3.4242626545931514,C
489,0,3,male,30.0,0.0,0.0,2.2027647577118348,S
490,1,3,male,9.0,0.6931471805599453,0.6931471805599453,2.8273136219290276,S
491,0,3,male,28.0,0.6931471805599453,0.0,3.0429354648621407,S
492,0,3,male,21.0,0.0,0.0,2.1102132003465894,S
493,0,1,male,55.0,0.0,0.0,3.449987545831587,S
494,0,1,male,71.0,0.0,0.0,3.922056501139853,C
495,0,3,male,21.0,0.0,0.0,2.2027647577118348,S
496,0,3,male,28.0,0.0,0.0,2.738146075922933,C
497,1,1,female,54.0,0.6931471805599453,0.0,4.37281811610993,C
498,0,3,male,28.0,0.0,0.0,2.7788192719904172,S
499,0,1,female,25.0,0.6931471805599453,1.0986122886681098,5.027492411162679,S
500,0,3,male,24.0,0.0,0.0,2.174274334826008,S
501,0,3,male,17.0,0.0,0.0,2.2682524139135403,S
502,0,3,female,21.0,0.0,0.0,2.169053700369523,Q
503,0,3,female,28.0,0.0,0.0,2.155151800914312,Q
504,0,3,female,37.0,0.0,0.0,2.3596740599781727,S
505,1,1,female,16.0,0.0,0.0,4.471638793363569,S
506,0,1,male,18.0,0.6931471805599453,0.0,4.699570861409576,C
507,1,2,female,33.0,0.0,1.0986122886681098,3.295836866004329,S
508,1,1,male,28.0,0.0,0.0,3.3160025355989236,S
509,0,3,male,28.0,0.0,0.0,3.1580636854714434,S
510,1,3,male,26.0,0.0,0.0,4.05171190165724,S
511,1,3,male,29.0,0.0,0.0,2.169053700369523,Q
512,0,3,male,28.0,0.0,0.0,2.2027647577118348,S
513,1,1,male,36.0,0.0,0.0,3.3064287218760624,S
514,1,1,female,54.0,0.6931471805599453,0.0,4.100989104940769,C
515,0,3,male,24.0,0.0,0.0,2.139571923732859,S
516,0,1,male,47.0,0.0,0.0,3.5559421706858756,S
517,1,2,female,34.0,0.0,0.0,2.4423470353692043,S
518,0,3,male,28.0,0.0,0.0,3.224857896545748,Q
519,1,2,female,36.0,0.6931471805599453,0.0,3.295836866004329,S
520,0,3,male,32.0,0.0,0.0,2.1855792552411137,S
521,1,1,female,30.0,0.0,0.0,4.548599834499697,S
522,0,3,male,22.0,0.0,0.0,2.1855792552411137,S
523,0,3,male,28.0,0.0,0.0,2.1071782966514356,C
524,1,1,female,44.0,0.0,0.6931471805599453,4.077184839375167,C
525,0,3,male,28.0,0.0,0.0,2.1076888046179385,C
526,0,3,male,40.5,0.0,0.0,2.169053700369523,Q
527,1,2,female,50.0,0.0,0.0,2.4423470353692043,S
528,0,1,male,28.0,0.0,0.0,5.406181146423973,S
529,0,3,male,39.0,0.0,0.0,2.188856327665703,S
530,0,2,male,23.0,1.0986122886681098,0.6931471805599453,2.5257286443082556,S
531,1,2,female,2.0,0.6931471805599453,0.6931471805599453,3.295836866004329,S
532,0,3,male,28.0,0.0,0.0,2.1076888046179385,C
533,0,3,male,17.0,0.6931471805599453,0.6931471805599453,2.1076888046179385,C
534,1,3,female,28.0,0.0,1.0986122886681098,3.1509523813392697,C
535,0,3,female,30.0,0.0,0.0,2.2682524139135403,S
536,1,2,female,7.0,0.0,1.0986122886681098,3.305053521109253,S
537,0,1,male,45.0,0.0,0.0,3.3160025355989236,S
538,1,1,female,30.0,0.0,0.0,4.676792929661059,C
539,0,3,male,28.0,0.0,0.0,2.740840023925201,S
540,1,1,female,22.0,0.0,1.0986122886681098,3.9219733362813143,C
541,1,1,female,36.0,0.0,1.0986122886681098,4.276666119016055,S
542,0,3,female,9.0,1.6094379124341003,1.0986122886681098,3.4742929367327062,S
543,0,3,female,11.0,1.6094379124341003,1.0986122886681098,3.4742929367327062,S
544,1,2,male,32.0,0.6931471805599453,0.0,3.295836866004329,S
545,0,1,male,50.0,0.6931471805599453,0.0,4.676792929661059,C
546,0,1,male,64.0,0.0,0.0,3.295836866004329,S
547,1,2,female,19.0,0.6931471805599453,0.0,3.295836866004329,S
548,1,2,male,28.0,0.0,0.0,2.6988412620169004,C
549,0,3,male,33.0,0.6931471805599453,0.6931471805599453,3.0692150503137943,S
550,1,2,male,8.0,0.6931471805599453,0.6931471805599453,3.6309854756950335,S
551,1,1,male,17.0,0.0,1.0986122886681098,4.717456363787216,C
552,0,2,male,27.0,0.0,0.0,3.295836866004329,S
553,0,3,male,28.0,0.0,0.0,2.17806441028492,Q
554,1,3,male,22.0,0.0,0.0,2.1071782966514356,C
555,1,3,female,22.0,0.0,0.0,2.1719067693519296,S
556,0,1,male,62.0,0.0,0.0,3.3160025355989236,S
557,1,1,female,48.0,0.6931471805599453,0.0,3.703768066607687,C
558,0,1,male,28.0,0.0,0.0,5.4316456135398825,C
559,1,1,female,39.0,0.6931471805599453,0.6931471805599453,4.390118804571218,S
560,1,3,female,36.0,0.6931471805599453,0.0,2.91235066461494,S
561,0,3,male,28.0,0.0,0.0,2.169053700369523,Q
562,0,3,male,40.0,0.0,0.0,2.1855792552411137,S
563,0,2,male,28.0,0.0,0.0,2.6741486494265287,S
564,0,3,male,28.0,0.0,0.0,2.2027647577118348,S
565,0,3,female,28.0,0.0,0.0,2.2027647577118348,S
566,0,3,male,24.0,1.0986122886681098,0.0,3.224857896545748,S
567,0,3,male,19.0,0.0,0.0,2.1855792552411137,S
568,0,3,female,29.0,0.0,1.6094379124341003,3.0944457464900235,S
569,0,3,male,28.0,0.0,0.0,2.1076888046179385,C
570,1,3,male,32.0,0.0,0.0,2.180891922715322,S
571,1,2,male,62.0,0.0,0.0,2.4423470353692043,S
572,1,1,female,53.0,1.0986122886681098,0.0,3.960416900617205,S
573,1,1,male,36.0,0.0,0.0,3.3100867049215847,S
574,1,3,female,28.0,0.0,0.0,2.169053700369523,Q
575,0,3,male,16.0,0.0,0.0,2.2027647577118348,S
576,0,3,male,19.0,0.0,0.0,2.740840023925201,S
577,1,2,female,34.0,0.0,0.0,2.6390573296152584,S
578,1,1,female,39.0,0.6931471805599453,0.0,4.041295341132285,S
579,0,3,female,28.0,0.6931471805599453,0.0,2.738146075922933,C
580,1,3,male,32.0,0.0,0.0,2.188856327665703,S
581,1,2,female,25.0,0.6931471805599453,0.6931471805599453,3.4339872044851463,S
582,1,1,female,39.0,0.6931471805599453,0.6931471805599453,4.717456363787216,C
583,0,2,male,54.0,0.0,0.0,3.295836866004329,S
584,0,1,male,36.0,0.0,0.0,3.716616209085536,C
585,0,3,male,28.0,0.0,0.0,2.2734137156937657,C
586,1,1,female,18.0,0.0,1.0986122886681098,4.390118804571218,S
587,0,2,male,47.0,0.0,0.0,2.772588722239781,S
588,1,1,male,60.0,0.6931471805599453,0.6931471805599453,4.384523514872469,C
589,0,3,male,22.0,0.0,0.0,2.2027647577118348,S
590,0,3,male,28.0,0.0,0.0,2.2027647577118348,S
591,0,3,male,35.0,0.0,0.0,2.094945728215801,S
592,1,1,female,52.0,0.6931471805599453,0.0,4.37281811610993,C
593,0,3,male,47.0,0.0,0.0,2.1102132003465894,S
594,0,3,female,28.0,0.0,1.0986122886681098,2.169053700369523,Q
595,0,2,male,37.0,0.6931471805599453,0.0,3.295836866004329,S
596,0,3,male,36.0,0.6931471805599453,0.6931471805599453,3.224857896545748,S
597,1,2,female,28.0,0.0,0.0,3.5263605246161616,S
598,0,3,male,49.0,0.0,0.0,0.0,S
599,0,3,male,28.0,0.0,0.0,2.1071782966514356,C
600,1,1,male,49.0,0.6931471805599453,0.0,4.0592215752427645,C
601,1,2,female,24.0,1.0986122886681098,0.6931471805599453,3.332204510175204,S
602,0,3,male,28.0,0.0,0.0,2.1855792552411137,S
603,0,1,male,28.0,0.0,0.0,3.770459441106359,S
604,0,3,male,44.0,0.0,0.0,2.2027647577118348,S
605,1,1,male,35.0,0.0,0.0,3.3160025355989236,C
606,0,3,male,36.0,0.6931471805599453,0.0,2.806386101823072,S
607,0,3,male,30.0,0.0,0.0,2.1855792552411137,S
608,1,1,male,27.0,0.0,0.0,3.449987545831587,S
609,1,2,female,22.0,0.6931471805599453,1.0986122886681098,3.7513658711253766,C
610,1,1,female,40.0,0.0,0.0,5.039951348430309,S
611,0,3,female,39.0,0.6931471805599453,1.791759469228055,3.4742929367327062,S
612,0,3,male,28.0,0.0,0.0,2.0856720914304723,S
613,1,3,female,28.0,0.6931471805599453,0.0,2.803360380906535,Q
614,0,3,male,28.0,0.0,0.0,2.169053700369523,Q
615,0,3,male,35.0,0.0,0.0,2.2027647577118348,S
616,1,2,female,24.0,0.6931471805599453,1.0986122886681098,4.189654742026425,S
617,0,3,male,34.0,0.6931471805599453,0.6931471805599453,2.7343675094195836,S
618,0,3,female,26.0,0.6931471805599453,0.0,2.8390784635086144,S
619,1,2,female,4.0,1.0986122886681098,0.6931471805599453,3.6888794541139363,S
620,0,2,male,26.0,0.0,0.0,2.4423470353692043,S
621,0,3,male,27.0,0.6931471805599453,0.0,2.737880811060884,C
622,1,1,male,42.0,0.6931471805599453,0.0,3.9806942251907276,S
623,1,3,male,20.0,0.6931471805599453,0.6931471805599453,2.817902613071225,C
624,0,3,male,21.0,0.0,0.0,2.180891922715322,S
625,0,3,male,21.0,0.0,0.0,2.8390784635086144,S
626,0,1,male,61.0,0.0,0.0,3.5061818266142577,S
627,0,2,male,57.0,0.0,0.0,2.5915163848462583,Q
628,1,1,female,21.0,0.0,0.0,4.368919865004903,S
629,0,3,male,26.0,0.0,0.0,2.1855792552411137,S
630,0,3,male,28.0,0.0,0.0,2.167143305297764,Q
631,1,1,male,80.0,0.0,0.0,3.4339872044851463,S
632,0,3,male,51.0,0.0,0.0,2.086193694502369,S
633,1,1,male,32.0,0.0,0.0,3.449987545831587,C
634,0,1,male,28.0,0.0,0.0,0.0,S
635,0,3,female,9.0,1.3862943611198906,1.0986122886681098,3.3638415951183864,S
636,1,2,female,28.0,0.0,0.0,2.6390573296152584,S
637,0,3,male,32.0,0.0,0.0,2.188856327665703,S
638,0,2,male,31.0,0.6931471805599453,0.6931471805599453,3.305053521109253,S
639,0,3,female,41.0,0.0,1.791759469228055,3.705920919968788,S
640,0,3,male,28.0,0.6931471805599453,0.0,2.8390784635086144,S
641,0,3,male,20.0,0.0,0.0,2.180891922715322,S
642,1,1,female,24.0,0.0,0.0,4.252771798816619,C
643,0,3,female,2.0,1.3862943611198906,1.0986122886681098,3.3638415951183864,S
644,1,3,male,28.0,0.0,0.0,4.05171190165724,S
645,1,3,female,0.75,1.0986122886681098,0.6931471805599453,3.0085645861193133,C
646,1,1,male,48.0,0.6931471805599453,0.0,4.353230991152628,C
647,0,3,male,19.0,0.0,0.0,2.1855792552411137,S
648,1,1,male,56.0,0.0,0.0,3.597312260588446,C
649,0,3,male,28.0,0.0,0.0,2.145931282948669,S
650,1,3,female,23.0,0.0,0.0,2.145931282948669,S
651,0,3,male,28.0,0.0,0.0,2.1855792552411137,S
652,1,2,female,18.0,0.0,0.6931471805599453,3.1780538303479458,S
653,0,3,male,21.0,0.0,0.0,2.2442459824059346,S
654,1,3,female,28.0,0.0,0.0,2.17806441028492,Q
655,0,3,female,18.0,0.0,0.0,2.0476928433652555,Q
656,0,2,male,24.0,1.0986122886681098,0.0,4.310799125385514,S
657,0,3,male,28.0,0.0,0.0,2.1855792552411137,S
658,0,3,female,32.0,0.6931471805599453,0.6931471805599453,2.803360380906535,Q
659,0,2,male,23.0,0.0,0.0,2.6390573296152584,S
660,0,1,male,58.0,0.0,1.0986122886681098,4.738607824217808,C
661,1,1,male,50.0,1.0986122886681098,0.0,4.902678819257608,S
662,0,3,male,40.0,0.0,0.0,2.1071782966514356,C
663,0,1,male,47.0,0.0,0.0,3.2804411805263554,S
664,0,3,male,36.0,0.0,0.0,2.139571923732859,S
665,1,3,male,20.0,0.6931471805599453,0.0,2.188856327665703,S
666,0,2,male,32.0,1.0986122886681098,0.0,4.310799125385514,S
667,0,2,male,25.0,0.0,0.0,2.6390573296152584,S
668,0,3,male,28.0,0.0,0.0,2.1719067693519296,S
669,0,3,male,43.0,0.0,0.0,2.2027647577118348,S
670,1,1,female,28.0,0.6931471805599453,0.0,3.970291913552122,S
671,1,2,female,40.0,0.6931471805599453,0.6931471805599453,3.6888794541139363,S
672,0,1,male,31.0,0.6931471805599453,0.0,3.970291913552122,S
673,0,2,male,70.0,0.0,0.0,2.4423470353692043,S
674,1,2,male,31.0,0.0,0.0,2.6390573296152584,S
675,0,2,male,28.0,0.0,0.0,0.0,S
676,0,3,male,18.0,0.0,0.0,2.1719067693519296,S
677,0,3,male,24.5,0.0,0.0,2.2027647577118348,S
678,1,3,female,18.0,0.0,0.0,2.3833998102837652,S
679,0,3,female,43.0,0.6931471805599453,1.9459101490553132,3.8691155044168695,S
680,1,1,male,36.0,0.0,0.6931471805599453,6.240917354759096,C
681,0,3,female,28.0,0.0,0.0,2.212386825075897,Q
682,1,1,male,27.0,0.0,0.0,4.353230991152628,C
683,0,3,male,20.0,0.0,0.0,2.3248357019288655,S
684,0,3,male,14.0,1.791759469228055,1.0986122886681098,3.8691155044168695,S
685,0,2,male,60.0,0.6931471805599453,0.6931471805599453,3.6888794541139363,S
686,0,2,male,25.0,0.6931471805599453,1.0986122886681098,3.7513658711253766,C
687,0,3,male,14.0,1.6094379124341003,0.6931471805599453,3.705920919968788,S
688,0,3,male,19.0,0.0,0.0,2.4133032309283076,S
689,0,3,male,18.0,0.0,0.0,2.174274334826008,S
690,1,1,female,15.0,0.0,0.6931471805599453,5.35817698994543,S
691,1,1,male,31.0,0.6931471805599453,0.0,4.060443010546419,S
692,1,3,female,4.0,0.0,0.6931471805599453,2.668387256845834,C
693,1,3,male,28.0,0.0,0.0,4.05171190165724,S
694,0,3,male,25.0,0.0,0.0,2.1071782966514356,C
695,0,1,male,60.0,0.0,0.0,3.3160025355989236,S
696,0,2,male,52.0,0.0,0.0,2.6741486494265287,S
697,0,3,male,44.0,0.0,0.0,2.2027647577118348,S
698,1,3,female,28.0,0.0,0.0,2.167143305297764,Q
699,0,1,male,49.0,0.6931471805599453,0.6931471805599453,4.717456363787216,C
700,0,3,male,42.0,0.0,0.0,2.157559320943788,S
701,1,1,female,18.0,0.6931471805599453,0.0,5.4316456135398825,C
702,1,1,male,35.0,0.0,0.0,3.3064287218760624,S
703,0,3,female,18.0,0.0,0.6931471805599453,2.737880811060884,C
704,0,3,male,25.0,0.0,0.0,2.1681046787623672,Q
705,0,3,male,26.0,0.6931471805599453,0.0,2.180891922715322,S
706,0,2,male,39.0,0.0,0.0,3.295836866004329,S
707,1,2,female,45.0,0.0,0.0,2.6741486494265287,S
708,1,1,male,42.0,0.0,0.0,3.3064287218760624,S
709,1,1,female,22.0,0.0,0.0,5.027492411162679,S
710,1,3,male,28.0,0.6931471805599453,0.6931471805599453,2.7878344138303452,C
711,1,1,female,24.0,0.0,0.0,3.922056501139853,C
712,0,1,male,28.0,0.0,0.0,3.3160025355989236,S
713,1,1,male,48.0,0.6931471805599453,0.0,3.970291913552122,S
714,0,3,male,29.0,0.0,0.0,2.3497835148230464,S
715,0,2,male,52.0,0.0,0.0,2.6390573296152584,S
716,0,3,male,19.0,0.0,0.0,2.157559320943788,S
717,1,1,female,38.0,0.0,0.0,5.4316456135398825,C
718,1,2,female,27.0,0.0,0.0,2.4423470353692043,S
719,0,3,male,28.0,0.0,0.0,2.803360380906535,Q
720,0,3,male,33.0,0.0,0.0,2.1719067693519296,S
721,1,2,female,6.0,0.0,0.6931471805599453,3.5263605246161616,S
722,0,3,male,17.0,0.6931471805599453,0.0,2.086193694502369,S
723,0,2,male,34.0,0.0,0.0,2.6390573296152584,S
724,0,2,male,50.0,0.0,0.0,2.6390573296152584,S
725,1,1,male,27.0,0.6931471805599453,0.0,3.9908341858524357,S
726,0,3,male,20.0,0.0,0.0,2.2682524139135403,S
727,1,2,female,30.0,1.3862943611198906,0.0,3.091042453358316,S
728,1,3,female,28.0,0.0,0.0,2.1676241075599285,Q
729,0,2,male,25.0,0.6931471805599453,0.0,3.295836866004329,S
730,0,3,female,25.0,0.6931471805599453,0.0,2.188856327665703,S
731,1,1,female,29.0,0.0,0.0,5.35817698994543,S
732,0,3,male,11.0,0.0,0.0,2.9850504252071306,C
733,0,2,male,28.0,0.0,0.0,0.0,S
734,0,2,male,23.0,0.0,0.0,2.6390573296152584,S
735,0,2,male,23.0,0.0,0.0,2.6390573296152584,S
736,0,3,male,28.5,0.0,0.0,2.8390784635086144,S
737,0,3,female,48.0,0.6931471805599453,1.3862943611198906,3.5660053559634015,S
738,1,1,male,35.0,0.0,0.0,6.240917354759096,C
739,0,3,male,28.0,0.0,0.0,2.1855792552411137,S
740,0,3,male,28.0,0.0,0.0,2.1855792552411137,S
741,1,1,male,28.0,0.0,0.0,3.4339872044851463,S
742,0,1,male,36.0,0.6931471805599453,0.0,4.380149874661021,S
743,1,1,female,21.0,1.0986122886681098,1.0986122886681098,5.5735788721243535,C
744,0,3,male,24.0,0.6931471805599453,0.0,2.8390784635086144,S
745,1,3,male,31.0,0.0,0.0,2.188856327665703,S
746,0,1,male,70.0,0.6931471805599453,0.6931471805599453,4.276666119016055,S
747,0,3,male,16.0,0.6931471805599453,0.6931471805599453,3.056356895370426,S
748,1,2,female,30.0,0.0,0.0,2.6390573296152584,S
749,0,1,male,19.0,0.6931471805599453,0.0,3.9908341858524357,S
750,0,3,male,31.0,0.0,0.0,2.169053700369523,Q
751,1,2,female,4.0,0.6931471805599453,0.6931471805599453,3.1780538303479458,S
752,1,3,male,6.0,0.0,0.6931471805599453,2.600836116795061,S
753,0,3,male,33.0,0.0,0.0,2.3513752571634776,S
754,0,3,male,23.0,0.0,0.0,2.1855792552411137,S
755,1,2,female,48.0,0.6931471805599453,1.0986122886681098,4.189654742026425,S
756,1,2,male,0.67,0.6931471805599453,0.6931471805599453,2.740840023925201,S
757,0,3,male,28.0,0.0,0.0,2.174274334826008,S
758,0,2,male,18.0,0.0,0.0,2.5257286443082556,S
759,0,3,male,34.0,0.0,0.0,2.2027647577118348,S
760,1,1,female,33.0,0.0,0.0,4.471638793363569,S
761,0,3,male,28.0,0.0,0.0,2.740840023925201,S
762,0,3,male,41.0,0.0,0.0,2.094945728215801,S
763,1,3,male,20.0,0.0,0.0,2.1076888046179385,C
764,1,1,female,36.0,0.6931471805599453,1.0986122886681098,4.795790545596741,S
765,0,3,male,16.0,0.0,0.0,2.1719067693519296,S
766,1,1,female,51.0,0.6931471805599453,0.0,4.368919865004903,S
767,0,1,male,28.0,0.0,0.0,3.703768066607687,C
768,0,3,female,30.5,0.0,0.0,2.169053700369523,Q
769,0,3,male,28.0,0.6931471805599453,0.0,3.224857896545748,Q
770,0,3,male,32.0,0.0,0.0,2.236712348843338,S
771,0,3,male,24.0,0.0,0.0,2.3513752571634776,S
772,0,3,male,48.0,0.0,0.0,2.180891922715322,S
773,0,2,female,57.0,0.0,0.0,2.4423470353692043,S
774,0,3,male,28.0,0.0,0.0,2.1071782966514356,C
775,1,2,female,54.0,0.6931471805599453,1.3862943611198906,3.1780538303479458,S
776,0,3,male,18.0,0.0,0.0,2.169053700369523,S
777,0,3,male,28.0,0.0,0.0,2.169053700369523,Q
778,1,3,female,5.0,0.0,0.0,2.600836116795061,S
779,0,3,male,28.0,0.0,0.0,2.1676241075599285,Q
780,1,1,female,43.0,0.0,0.6931471805599453,5.35817698994543,S
781,1,3,female,13.0,0.0,0.0,2.1076888046179385,C
782,1,1,female,17.0,0.6931471805599453,0.0,4.060443010546419,S
783,0,1,male,29.0,0.0,0.0,3.4339872044851463,S
784,0,3,male,28.0,0.6931471805599453,1.0986122886681098,3.196630215920881,S
785,0,3,male,25.0,0.0,0.0,2.0856720914304723,S
786,0,3,male,25.0,0.0,0.0,2.1102132003465894,S
787,1,3,female,18.0,0.0,0.0,2.139571923732859,S
788,0,3,male,8.0,1.6094379124341003,0.6931471805599453,3.405355391810819,Q
789,1,3,male,1.0,0.6931471805599453,1.0986122886681098,3.0715352369694915,S
790,0,1,male,46.0,0.0,0.0,4.384523514872469,C
791,0,3,male,28.0,0.0,0.0,2.169053700369523,Q
792,0,2,male,16.0,0.0,0.0,3.295836866004329,S
793,0,3,female,28.0,2.1972245773362196,1.0986122886681098,4.256321678298823,S
794,0,1,male,28.0,0.0,0.0,3.4561841799918147,C
795,0,3,male,25.0,0.0,0.0,2.1855792552411137,S
796,0,2,male,39.0,0.0,0.0,2.6390573296152584,S
797,1,1,female,49.0,0.0,0.0,3.2932111997353943,S
798,1,3,female,31.0,0.0,0.0,2.270402752283094,S
799,0,3,male,30.0,0.0,0.0,2.1076888046179385,C
800,0,3,female,30.0,0.6931471805599453,0.6931471805599453,3.224857896545748,S
801,0,2,male,34.0,0.0,0.0,2.6390573296152584,S
802,1,2,female,31.0,0.6931471805599453,0.6931471805599453,3.305053521109253,S
803,1,1,male,11.0,0.6931471805599453,1.0986122886681098,4.795790545596741,S
804,1,3,male,0.42,0.0,0.6931471805599453,2.2530481500547457,C
805,1,3,male,27.0,0.0,0.0,2.076311648670908,S
806,0,3,male,31.0,0.0,0.0,2.1719067693519296,S
807,0,1,male,39.0,0.0,0.0,0.0,S
808,0,3,female,18.0,0.0,0.0,2.1719067693519296,S
809,0,2,male,39.0,0.0,0.0,2.6390573296152584,S
810,1,1,female,33.0,0.6931471805599453,0.0,3.9908341858524357,S
811,0,3,male,26.0,0.0,0.0,2.184645795129359,S
812,0,3,male,39.0,0.0,0.0,3.224857896545748,S
813,0,2,male,35.0,0.0,0.0,2.4423470353692043,S
814,0,3,female,6.0,1.6094379124341003,1.0986122886681098,3.4742929367327062,S
815,0,3,male,30.5,0.0,0.0,2.2027647577118348,S
816,0,1,male,28.0,0.0,0.0,0.0,S
817,0,3,female,23.0,0.0,0.0,2.188856327665703,S
818,0,2,male,31.0,0.6931471805599453,0.6931471805599453,3.637696679934592,C
819,0,3,male,43.0,0.0,0.0,2.0082140323914683,S
820,0,3,male,10.0,1.3862943611198906,1.0986122886681098,3.3638415951183864,S
821,1,1,female,52.0,0.6931471805599453,0.6931471805599453,4.548599834499697,S
822,1,3,male,27.0,0.0,0.0,2.2682524139135403,S
823,0,1,male,38.0,0.0,0.0,0.0,S
824,1,3,female,27.0,0.0,0.6931471805599453,2.600836116795061,S
825,0,3,male,2.0,1.6094379124341003,0.6931471805599453,3.705920919968788,S
826,0,3,male,28.0,0.0,0.0,2.0731719286662407,Q
827,0,3,male,28.0,0.0,0.0,4.05171190165724,S
828,1,2,male,1.0,0.0,1.0986122886681098,3.637696679934592,C
829,1,3,male,28.0,0.0,0.0,2.169053700369523,Q
830,1,1,female,62.0,0.0,0.0,4.394449154672439,S
831,1,3,female,15.0,0.6931471805599453,0.0,2.737880811060884,C
832,1,2,male,0.83,0.6931471805599453,0.6931471805599453,2.9831534913471307,S
833,0,3,male,28.0,0.0,0.0,2.1076888046179385,C
834,0,3,male,23.0,0.0,0.0,2.180891922715322,S
835,0,3,male,18.0,0.0,0.0,2.2300144001592104,S
836,1,1,female,39.0,0.6931471805599453,0.6931471805599453,4.432699549165613,C
837,0,3,male,21.0,0.0,0.0,2.2682524139135403,S
838,0,3,male,28.0,0.0,0.0,2.2027647577118348,S
839,1,3,male,32.0,0.0,0.0,4.05171190165724,S
840,1,1,male,28.0,0.0,0.0,3.4242626545931514,C
841,0,3,male,20.0,0.0,0.0,2.188856327665703,S
842,0,2,male,16.0,0.0,0.0,2.4423470353692043,S
843,1,1,female,30.0,0.0,0.0,3.4657359027997265,C
844,0,3,male,34.5,0.0,0.0,2.006534770871748,C
845,0,3,male,17.0,0.0,0.0,2.2682524139135403,S
846,0,3,male,42.0,0.0,0.0,2.145931282948669,S
847,0,3,male,28.0,2.1972245773362196,1.0986122886681098,4.256321678298823,S
848,0,3,male,35.0,0.0,0.0,2.1855792552411137,C
849,0,2,male,28.0,0.0,0.6931471805599453,3.5263605246161616,S
850,1,1,female,28.0,0.6931471805599453,0.0,4.500966778400217,C
851,0,3,male,4.0,1.6094379124341003,1.0986122886681098,3.4742929367327062,S
852,0,3,male,74.0,0.0,0.0,2.1719067693519296,S
853,0,3,female,9.0,0.6931471805599453,0.6931471805599453,2.7878344138303452,C
854,1,1,female,16.0,0.0,0.6931471805599453,3.6988297849671046,S
855,0,2,female,44.0,0.6931471805599453,0.0,3.295836866004329,S
856,1,3,female,18.0,0.0,0.6931471805599453,2.336986519711378,S
857,1,1,female,45.0,0.6931471805599453,0.6931471805599453,5.11118445372147,S
858,1,1,male,51.0,0.0,0.0,3.3160025355989236,S
859,1,3,female,24.0,0.0,1.3862943611198906,3.0085645861193133,C
860,0,3,male,28.0,0.0,0.0,2.1076888046179385,C
861,0,3,male,41.0,1.0986122886681098,0.0,2.7152442616824506,S
862,0,2,male,21.0,0.6931471805599453,0.0,2.5257286443082556,S
863,1,1,female,48.0,0.0,0.0,3.2932111997353943,S
864,0,3,female,28.0,2.1972245773362196,1.0986122886681098,4.256321678298823,S
865,0,2,male,24.0,0.0,0.0,2.6390573296152584,S
866,1,2,female,42.0,0.0,0.0,2.6390573296152584,S
867,1,2,female,27.0,0.6931471805599453,0.0,2.698558631668595,C
868,0,1,male,31.0,0.0,0.0,3.941500250945973,S
869,0,3,male,28.0,0.0,0.0,2.3513752571634776,S
870,1,3,male,4.0,0.6931471805599453,0.6931471805599453,2.495953738718064,S
871,0,3,male,26.0,0.0,0.0,2.1855792552411137,S
872,1,1,female,47.0,0.6931471805599453,0.6931471805599453,3.9806942251907276,S
873,0,1,male,33.0,0.0,0.0,1.791759469228055,S
874,0,3,male,47.0,0.0,0.0,2.302585092994046,S
875,1,2,female,28.0,0.6931471805599453,0.0,3.2188758248682006,C
876,1,3,female,15.0,0.0,0.0,2.1071782966514356,C
877,0,3,male,20.0,0.0,0.0,2.3837779082709782,S
878,0,3,male,19.0,0.0,0.0,2.1855792552411137,S
879,0,3,male,28.0,0.0,0.0,2.1855792552411137,S
880,1,1,female,56.0,0.0,0.6931471805599453,4.432699549165613,C
881,1,2,female,25.0,0.0,0.6931471805599453,3.295836866004329,S
882,0,3,male,33.0,0.0,0.0,2.1855792552411137,S
883,0,3,female,22.0,0.0,0.0,2.4437981558973862,S
884,0,2,male,28.0,0.0,0.0,2.4423470353692043,S
885,0,3,male,25.0,0.0,0.0,2.0856720914304723,S
886,0,3,female,39.0,0.0,1.791759469228055,3.405355391810819,Q
887,0,2,male,27.0,0.0,0.0,2.6390573296152584,S
888,1,1,female,19.0,0.0,0.0,3.4339872044851463,S
889,0,3,female,28.0,0.6931471805599453,1.0986122886681098,3.196630215920881,S
890,1,1,male,26.0,0.0,0.0,3.4339872044851463,C
891,0,3,male,32.0,0.0,0.0,2.169053700369523,Q
